timestamp,session_id,cognitive,rl_selected,rl_phase,user_message,reply,followup_question
2026-05-10T22:00:17.758840,default,1TAR,True,free,jelaskan apa itu algoritma,"Algoritma adalah urutan langkah-langkah logis yang terstruktur untuk menyelesaikan suatu masalah atau mencapai tujuan tertentu. Dalam konteks komputasi, algoritma digunakan untuk memproses data, memecahkan masalah, dan menghasilkan output berdasarkan input yang diberikan. Mari kita bahas beberapa poin penting mengenai algoritma:

1. **Karakteristik Algoritma**: Sebuah algoritma seharusnya memenuhi tiga sifat dasar: finite (terbatas), definite (terdefinisi), dan effective (efektif). Ini berarti algoritma harus memiliki akhir setelah langkah-langkah tertentu, setiap langkah harus jelas dan tidak ambigu, serta setiap langkah harus dapat dilaksanakan.

2. **Jenis Algoritma**: Salah satu contoh algoritma yang umum adalah algoritma pencarian. Misalnya, dalam konteks mencari nama siswa di sebuah daftar nilai, algoritma pencarian linear dapat digunakan untuk memeriksa setiap nama satu per satu hingga nama yang dicari ditemukan. Algoritma ini sederhana tetapi mungkin tidak efisien jika daftarnya sangat besar.

3. **Aplikasi dalam Kehidupan Sehari-hari**: Konsep algoritma juga berlaku di luar dunia komputer. Dalam kehidupan sehari-hari, misalnya saat kita mengikuti resep masakan, kita mengikuti urutan langkah spesifik untuk menghasilkan hidangan yang diinginkan. Setiap langkah dalam resep merupakan bagian dari algoritma yang lebih besar, yang mengarahkan kita untuk mencapai hasil akhir. 

Dengan memahami konsep dasar tentang algoritma ini, Anda dapat mengaplikasikannya dalam berbagai konteks, baik dalam pemrograman maupun situasi nyata di sekitar kita.","Sebuah sistem manajemen inventaris memiliki daftar barang dengan harga yang tidak terurut. Jika diterapkan algoritma pencarian linear untuk menemukan barang dengan harga 45.000, berapa banyak elemen yang harus diperiksa untuk memastikan keberadaan barang tersebut?"
